<?xml version="1.0" encoding="UTF-8" ?>
<!-- This is a WordPress eXtended RSS file generated by WordPress as an export of your site. -->
<!-- It contains information about your site's posts, pages, comments, categories, and other content. -->
<!-- You may use this file to transfer that content from one site to another. -->
<!-- This file is not intended to serve as a complete backup of your site. -->

<!-- To import this information into a WordPress site follow these steps: -->
<!-- 1. Log in to that site as an administrator. -->
<!-- 2. Go to Tools: Import in the WordPress admin panel. -->
<!-- 3. Install the "WordPress" importer from the list. -->
<!-- 4. Activate & Run Importer. -->
<!-- 5. Upload this file using the form provided on that page. -->
<!-- 6. You will first be asked to map the authors in this export file to users -->
<!--    on the site. For each author, you may choose to map to an -->
<!--    existing user on the site or to create a new user. -->
<!-- 7. WordPress will then import each of the posts, pages, comments, categories, etc. -->
<!--    contained in this file into your site. -->

	<!-- generator="WordPress/5.1.1" created="2019-04-01 03:11" -->
<rss version="2.0"
	xmlns:excerpt="http://wordpress.org/export/1.2/excerpt/"
	xmlns:content="http://purl.org/rss/1.0/modules/content/"
	xmlns:wfw="http://wellformedweb.org/CommentAPI/"
	xmlns:dc="http://purl.org/dc/elements/1.1/"
	xmlns:wp="http://wordpress.org/export/1.2/"
>

<channel>
	<title>Junko</title>
	<link>http://demo.roadthemes.com/junko</link>
	<description>Just another WordPress site</description>
	<pubDate>Mon, 01 Apr 2019 03:11:16 +0000</pubDate>
	<language>en-US</language>
	<wp:wxr_version>1.2</wp:wxr_version>
	<wp:base_site_url>http://demo.roadthemes.com/junko</wp:base_site_url>
	<wp:base_blog_url>http://demo.roadthemes.com/junko</wp:base_blog_url>

		<wp:author><wp:author_id>1</wp:author_id><wp:author_login><![CDATA[admin]]></wp:author_login><wp:author_email><![CDATA[demo@roadthemes.com]]></wp:author_email><wp:author_display_name><![CDATA[admin]]></wp:author_display_name><wp:author_first_name><![CDATA[]]></wp:author_first_name><wp:author_last_name><![CDATA[]]></wp:author_last_name></wp:author>
		
		<item>
		<title>
				Home shop 3		</title>
		<link>http://demo.roadthemes.com/junko/home-shop-3/</link>
		<pubDate>Sat, 16 Feb 2019 03:26:06 +0000</pubDate>
		<dc:creator><![CDATA[admin]]></dc:creator>
		<guid isPermaLink="false">http://192.168.1.209/kinle/?page_id=1056</guid>
		<description></description>
		<content:encoded>
				<![CDATA[<p>[vc_row][vc_column][rev_slider_vc alias="home-3-slider"][/vc_column][/vc_row][vc_row el_class="banner363"][vc_column width="1/4" offset="vc_col-lg-3 vc_col-md-3"][vc_single_image image="1377" img_size="full" alignment="center" onclick="custom_link" link="http://demo.roadthemes.com/junko/shop/"][/vc_column][vc_column width="1/2" offset="vc_col-lg-6 vc_col-md-6"][vc_single_image image="1378" img_size="full" alignment="center" onclick="custom_link" link="http://demo.roadthemes.com/junko/shop/"][/vc_column][vc_column width="1/4" offset="vc_col-lg-3 vc_col-md-3"][vc_single_image image="1410" img_size="full" alignment="center" onclick="custom_link" link="http://demo.roadthemes.com/junko/shop/"][/vc_column][/vc_row][vc_row][vc_column][vc_tta_tabs][vc_tta_section title="Bestseller Products" tab_id="1550287556963-00147d1e-44f8"][bestselling_products_r per_page="8" columns="1" enable_slider="true" items_1500up="5" items_1200_1499="5" navigation="1" pagination="" item_margin="0" speed="500"][/vc_tta_section][vc_tta_section title="New Products" tab_id="new-products"][recent_products_r per_page="8" columns="1" orderby="ID" order="DESC" enable_slider="true" items_1500up="5" items_1200_1499="5" navigation="1" pagination="" item_margin="0" speed="500"][/vc_tta_section][vc_tta_section title="Sale Products" tab_id="sale-products"][sale_products_r per_page="8" columns="1" orderby="ID" order="DESC" enable_slider="true" items_1500up="5" items_1200_1499="5" navigation="1" pagination="" item_margin="0" speed="500"][/vc_tta_section][/vc_tta_tabs][/vc_column][/vc_row][vc_row][vc_column width="1/2"][vc_single_image image="1407" img_size="full" alignment="center" onclick="custom_link" link="http://demo.roadthemes.com/junko/shop/"][/vc_column][vc_column width="1/2"][vc_single_image image="1402" img_size="full" alignment="center" onclick="custom_link" link="http://demo.roadthemes.com/junko/shop/"][/vc_column][/vc_row][vc_row full_width="stretch_row" css=".vc_custom_1551836233594{background-color: #f8f8f8 !important;}" el_class="row-with-background"][vc_column offset="vc_col-lg-2 vc_col-md-3"][roadthemes_title heading_title="Hot Deals Products Off The Days" sub_heading_title="Aliquam eget consectetuer habitasse interdum." style="style3"][/vc_column][vc_column offset="vc_col-lg-10 vc_col-md-9"][list_products_r per_page="6" columns="1" orderby="ID" order="DESC" style="product-grid-countdown" enable_slider="true" items_992_1199="3" navigation="1" pagination="" item_margin="30" speed="500" navigation_style="navigation-style3" ids="867, 856, 859, 850, 846, 836, 840"][/vc_column][/vc_row][vc_row][vc_column][roadthemes_title heading_title="Computer &amp; Laptop"][product_category_r per_page="14" columns="2" orderby="ID" order="ASC" category="computer-networking" enable_slider="true" items_1500up="5" items_1200_1499="5" navigation="1" pagination="" item_margin="30" speed="500"][/vc_column][/vc_row][vc_row][vc_column][vc_single_image image="1411" img_size="full" alignment="center" onclick="custom_link" link="http://demo.roadthemes.com/junko/shop/"][/vc_column][/vc_row][vc_row el_class="product-list-row"][vc_column offset="vc_col-lg-4 vc_col-md-4"][roadthemes_title heading_title="New Arrivals"][recent_products_r per_page="9" columns="3" orderby="ID" order="DESC" style="product-list" enable_slider="true" items_1500up="1" items_1200_1499="1" items_992_1199="1" items_768_991="2" navigation="1" pagination="" item_margin="30" speed="500" navigation_style="navigation-style2"][/vc_column][vc_column offset="vc_col-lg-4 vc_col-md-4"][roadthemes_title heading_title="On sale Products"][sale_products_r per_page="9" columns="3" orderby="ID" order="DESC" style="product-list" enable_slider="true" items_1500up="1" items_1200_1499="1" items_992_1199="1" items_768_991="2" navigation="1" pagination="" item_margin="30" speed="500" navigation_style="navigation-style2"][/vc_column][vc_column offset="vc_col-lg-4 vc_col-md-4"][roadthemes_title heading_title="Top rated Products"][top_rated_products_r per_page="9" columns="3" orderby="ID" order="DESC" style="product-list" enable_slider="true" items_1500up="1" items_1200_1499="1" items_992_1199="1" items_768_991="2" navigation="1" pagination="" item_margin="30" speed="500" navigation_style="navigation-style2"][/vc_column][/vc_row][vc_row full_width="stretch_row" css=".vc_custom_1552357941504{margin-bottom: 0px !important;border-top-width: 1px !important;padding-top: 60px !important;padding-bottom: 25px !important;border-top-color: #ebebeb !important;border-top-style: solid !important;}"][vc_column][ourbrands rows="2" navigation="1" pagination="" item_margin="0"][/vc_column][/vc_row]</p>
]]>		</content:encoded>
		<excerpt:encoded>
				<![CDATA[
						]]>		</excerpt:encoded>
		<wp:post_id>1056</wp:post_id>
		<wp:post_date><![CDATA[2019-02-16 03:26:06]]></wp:post_date>
		<wp:post_date_gmt><![CDATA[2019-02-16 03:26:06]]></wp:post_date_gmt>
		<wp:comment_status><![CDATA[closed]]></wp:comment_status>
		<wp:ping_status><![CDATA[closed]]></wp:ping_status>
		<wp:post_name><![CDATA[home-shop-3]]></wp:post_name>
		<wp:status><![CDATA[publish]]></wp:status>
		<wp:post_parent>0</wp:post_parent>
		<wp:menu_order>0</wp:menu_order>
		<wp:post_type><![CDATA[page]]></wp:post_type>
		<wp:post_password><![CDATA[]]></wp:post_password>
		<wp:is_sticky>0</wp:is_sticky>
														<wp:postmeta>
		<wp:meta_key><![CDATA[_wpb_shortcodes_custom_css]]></wp:meta_key>
		<wp:meta_value><![CDATA[.vc_custom_1551836233594{background-color: #f8f8f8 !important;}.vc_custom_1552357941504{margin-bottom: 0px !important;border-top-width: 1px !important;padding-top: 60px !important;padding-bottom: 25px !important;border-top-color: #ebebeb !important;border-top-style: solid !important;}]]></wp:meta_value>
		</wp:postmeta>
							<wp:postmeta>
		<wp:meta_key><![CDATA[_wp_page_template]]></wp:meta_key>
		<wp:meta_value><![CDATA[page-templates/demo3.php]]></wp:meta_value>
		</wp:postmeta>
							<wp:postmeta>
		<wp:meta_key><![CDATA[slide_template]]></wp:meta_key>
		<wp:meta_value><![CDATA[default]]></wp:meta_value>
		</wp:postmeta>
							<wp:postmeta>
		<wp:meta_key><![CDATA[_manhframework_custom_sidebar_pos]]></wp:meta_key>
		<wp:meta_value><![CDATA[left]]></wp:meta_value>
		</wp:postmeta>
							<wp:postmeta>
		<wp:meta_key><![CDATA[_wpb_vc_js_status]]></wp:meta_key>
		<wp:meta_value><![CDATA[true]]></wp:meta_value>
		</wp:postmeta>
							<wp:postmeta>
		<wp:meta_key><![CDATA[_kinle_custom_sidebar_pos]]></wp:meta_key>
		<wp:meta_value><![CDATA[left]]></wp:meta_value>
		</wp:postmeta>
							<wp:postmeta>
		<wp:meta_key><![CDATA[_junko_custom_sidebar_pos]]></wp:meta_key>
		<wp:meta_value><![CDATA[left]]></wp:meta_value>
		</wp:postmeta>
							</item>
					
		
</channel>
</rss>		
		
		