{"last_tab":"","page_content_background":{"background-color":"#ffffff","background-repeat":"","background-size":"","background-attachment":"","background-position":"","background-image":"","media":{"id":"","height":"","width":"","thumbnail":""}},"border_color":{"border-top":"","border-right":"","border-bottom":"","border-left":"","border-style":"solid","border-color":"#ebebeb"},"back_to_top":"1","row_space":"65px","carousel_topright_position":"73px","primary_color":"#0063d1","sale_color":"#62ab00","saletext_color":"#ffffff","rate_color":"#0063d1","link_color":{"regular":"#a43d21","hover":"#0063d1","active":"#0063d1"},"text_selected_bg":"#91b2c3","text_selected_color":"#ffffff","header_layout":"Header 1","header_mobile_layout":"Header 1 Mobile","header_bg":"#ffffff","header_color":"#292929","header_link_color":{"regular":"#292929","hover":"#0063d1","active":"#0063d1"},"dropdown_bg":"#ffffff","sticky_header":"1","header_sticky_bg":{"color":"#ffffff","alpha":"0.95","rgba":"rgba(255,255,255,0.95)"},"header_sticky_layout":"Header 1 Sticky","topbar_color":"#929292","topbar_link_color":{"regular":"#929292","hover":"#0063d1","active":"#0063d1"},"mobile_menu_label":"Menu","sub_menu_bg":"#ffffff","categories_menu_label":"ALL CATEGORIES","categories_menu_label_bg":"#1953b4","categories_menu_bg":"#ffffff","categories_sub_menu_bg":"#ffffff","categories_menu_items":9,"categories_more_label":"More Categories","categories_less_label":"Less Categories","footer_layout":"Footer 1","footer_bg":"#f6f6f6","footer_color":"#242424","footer_link_color":{"regular":"#242424","hover":"#0063d1","active":"#0063d1"},"social_icons":{"facebook":"www.facebook.com\/roadthemes\/","twitter":"www.twitter.com\/roadthemes","instagram":"www.instagram.com","tumblr":"","pinterest":"","google-plus":"","linkedin":"www.linkedin.com\/in\/kevin-sobo-082878b6","behance":"","dribbble":"","youtube":"","vimeo":"","rss":"www.rss.com"},"bodyfont":{"font-family":"Rubik","font-options":"","google":"1","font-backup":"","font-weight":"400","font-style":"","font-size":"14px","line-height":"","color":"#777777"},"headingfont":{"font-family":"Rubik","font-options":"","google":"1","font-weight":"500","font-style":"","color":"#242424"},"menufont":{"font-family":"Rubik","font-options":"","google":"1","font-weight":"500","font-style":"","font-size":"14px","color":"#ffffff"},"submenufont":{"font-family":"Rubik","font-options":"","google":"1","font-weight":"400","font-style":"","font-size":"13px","color":"#777777"},"dropdownfont":{"font-family":"Rubik","font-options":"","google":"1","font-weight":"400","font-style":"","font-size":"12px","color":"#777777"},"categoriesfont":{"font-family":"Rubik","font-options":"","google":"1","font-weight":"400","font-style":"","font-size":"14px","color":"#222222"},"categoriessubmenufont":{"font-family":"Rubik","font-options":"","google":"1","font-weight":"400","font-style":"","font-size":"14px","color":"#4c4c4c"},"pricefont":{"font-family":"Rubik","font-options":"","google":"1","font-weight":"500","font-style":"","font-size":"16px","color":"#0063d1"},"image_slider":[{"title":"Games & Consoles ","description":"","url":"http:\/\/demo.roadthemes.com\/junko\/shop\/","sort":"0","attachment_id":"1160","thumb":"http:\/\/demo.roadthemes.com\/junko\/wp-content\/uploads\/2019\/02\/category-slider-1-150x140.jpg","image":"http:\/\/demo.roadthemes.com\/junko\/wp-content\/uploads\/2019\/02\/category-slider-1.jpg","height":"140","width":"150"},{"title":"Home Accessories","description":"","url":"http:\/\/demo.roadthemes.com\/junko\/shop\/","sort":"1","attachment_id":"1161","thumb":"http:\/\/demo.roadthemes.com\/junko\/wp-content\/uploads\/2019\/02\/category-slider-2-150x140.jpg","image":"http:\/\/demo.roadthemes.com\/junko\/wp-content\/uploads\/2019\/02\/category-slider-2.jpg","height":"140","width":"150"},{"title":"TV & Audio","description":"","url":"http:\/\/demo.roadthemes.com\/junko\/shop\/","sort":"2","attachment_id":"1162","thumb":"http:\/\/demo.roadthemes.com\/junko\/wp-content\/uploads\/2019\/02\/category-slider-3-150x140.jpg","image":"http:\/\/demo.roadthemes.com\/junko\/wp-content\/uploads\/2019\/02\/category-slider-3.jpg","height":"140","width":"150"},{"title":"SmartPhone & Ipad","description":"","url":"http:\/\/demo.roadthemes.com\/junko\/shop\/","sort":"3","attachment_id":"1163","thumb":"http:\/\/demo.roadthemes.com\/junko\/wp-content\/uploads\/2019\/02\/category-slider-4-150x140.jpg","image":"http:\/\/demo.roadthemes.com\/junko\/wp-content\/uploads\/2019\/02\/category-slider-4.jpg","height":"140","width":"150"},{"title":"Laptop & Tablets","description":"","url":"http:\/\/demo.roadthemes.com\/junko\/shop\/","sort":"4","attachment_id":"1164","thumb":"http:\/\/demo.roadthemes.com\/junko\/wp-content\/uploads\/2019\/02\/category-slider-5-150x140.jpg","image":"http:\/\/demo.roadthemes.com\/junko\/wp-content\/uploads\/2019\/02\/category-slider-5.jpg","height":"140","width":"150"}],"brand_logos":[{"title":"","description":"","url":"#","sort":"0","attachment_id":"1034","thumb":"http:\/\/demo.roadthemes.com\/junko\/wp-content\/uploads\/2019\/02\/brand1-150x63.png","image":"http:\/\/demo.roadthemes.com\/junko\/wp-content\/uploads\/2019\/02\/brand1.png","height":"63","width":"185"},{"title":"","description":"","url":"#","sort":"1","attachment_id":"1035","thumb":"http:\/\/demo.roadthemes.com\/junko\/wp-content\/uploads\/2019\/02\/brand2-150x63.png","image":"http:\/\/demo.roadthemes.com\/junko\/wp-content\/uploads\/2019\/02\/brand2.png","height":"63","width":"185"},{"title":"","description":"","url":"#","sort":"2","attachment_id":"1036","thumb":"http:\/\/demo.roadthemes.com\/junko\/wp-content\/uploads\/2019\/02\/brand3-150x63.png","image":"http:\/\/demo.roadthemes.com\/junko\/wp-content\/uploads\/2019\/02\/brand3.png","height":"63","width":"185"},{"title":"","description":"","url":"#","sort":"3","attachment_id":"1037","thumb":"http:\/\/demo.roadthemes.com\/junko\/wp-content\/uploads\/2019\/02\/brand4-150x63.png","image":"http:\/\/demo.roadthemes.com\/junko\/wp-content\/uploads\/2019\/02\/brand4.png","height":"63","width":"185"},{"title":"","description":"","url":"#","sort":"4","attachment_id":"1038","thumb":"http:\/\/demo.roadthemes.com\/junko\/wp-content\/uploads\/2019\/02\/brand5-150x63.png","image":"http:\/\/demo.roadthemes.com\/junko\/wp-content\/uploads\/2019\/02\/brand5.png","height":"63","width":"185"},{"title":"","description":"","url":"#","sort":"5","attachment_id":"1039","thumb":"http:\/\/demo.roadthemes.com\/junko\/wp-content\/uploads\/2019\/02\/brand6-150x63.png","image":"http:\/\/demo.roadthemes.com\/junko\/wp-content\/uploads\/2019\/02\/brand6.png","height":"63","width":"185"},{"title":"","description":"","url":"#","sort":"6","attachment_id":"1040","thumb":"http:\/\/demo.roadthemes.com\/junko\/wp-content\/uploads\/2019\/02\/brand7-150x63.png","image":"http:\/\/demo.roadthemes.com\/junko\/wp-content\/uploads\/2019\/02\/brand7.png","height":"63","width":"185"},{"title":"","description":"","url":"#","sort":"7","attachment_id":"1041","thumb":"http:\/\/demo.roadthemes.com\/junko\/wp-content\/uploads\/2019\/02\/brand8-150x63.png","image":"http:\/\/demo.roadthemes.com\/junko\/wp-content\/uploads\/2019\/02\/brand8.png","height":"63","width":"185"},{"title":"","description":"","url":"#","sort":"8","attachment_id":"1042","thumb":"http:\/\/demo.roadthemes.com\/junko\/wp-content\/uploads\/2019\/02\/brand9-150x63.png","image":"http:\/\/demo.roadthemes.com\/junko\/wp-content\/uploads\/2019\/02\/brand9.png","height":"63","width":"185"},{"title":"","description":"","url":"","sort":"9","attachment_id":"1043","thumb":"http:\/\/demo.roadthemes.com\/junko\/wp-content\/uploads\/2019\/02\/brand10-150x63.png","image":"http:\/\/demo.roadthemes.com\/junko\/wp-content\/uploads\/2019\/02\/brand10.png","height":"63","width":"185"}],"inner_brand":"","brandscroll":"1","brandscrollnumber":"1","brandpause":"3000","brandanimate":"2000","sidebarse_pos":"left","custom-sidebars":[""],"shop_banner":{"url":"","id":"","height":"","width":"","thumbnail":"","title":"","caption":"","alt":"","description":""},"show_category_image":"1","shop_layout":"sidebar","sidebarshop_pos":"left","default_view":"grid-view","product_bg":"#ffffff","second_image":"1","product_per_page":"16","product_per_row":"4","product_per_row_fw":"4","single_product_layout":"fullwidth","sidebarsingleproduct_pos":"left","product_banner":{"url":"","id":"","height":"","width":"","thumbnail":"","title":"","caption":"","alt":"","description":""},"single_product_header_text":"Product Details","related_product_title":"Related Products","upsell_product_title":"Upsell Products","cross_sell_product_title":"You may be interested in ... ","related_amount":"10","product_share_title":"Share this product","detail_link_text":"Quick View","quickview_link_text":"See all features","quickview":"1","blog_header_text":"Blog","blog_layout":"sidebar","sidebarblog_pos":"right","readmore_text":"Read more","blog_share_title":"Share this post","testiscroll":"","testipause":"3000","testianimate":"2000","background_error":{"background-color":"#ffffff","background-repeat":"","background-size":"","background-attachment":"","background-position":"","background-image":"","media":{"id":"","height":"","width":"","thumbnail":""}},"enable_less":"1","defaults-section":"Reset Section","redux-backup":"1"}