<?xml version="1.0" encoding="UTF-8" ?>
<!-- This is a WordPress eXtended RSS file generated by WordPress as an export of your site. -->
<!-- It contains information about your site's posts, pages, comments, categories, and other content. -->
<!-- You may use this file to transfer that content from one site to another. -->
<!-- This file is not intended to serve as a complete backup of your site. -->

<!-- To import this information into a WordPress site follow these steps: -->
<!-- 1. Log in to that site as an administrator. -->
<!-- 2. Go to Tools: Import in the WordPress admin panel. -->
<!-- 3. Install the "WordPress" importer from the list. -->
<!-- 4. Activate & Run Importer. -->
<!-- 5. Upload this file using the form provided on that page. -->
<!-- 6. You will first be asked to map the authors in this export file to users -->
<!--    on the site. For each author, you may choose to map to an -->
<!--    existing user on the site or to create a new user. -->
<!-- 7. WordPress will then import each of the posts, pages, comments, categories, etc. -->
<!--    contained in this file into your site. -->

	<!-- generator="WordPress/5.1.1" created="2019-04-01 03:11" -->
<rss version="2.0"
	xmlns:excerpt="http://wordpress.org/export/1.2/excerpt/"
	xmlns:content="http://purl.org/rss/1.0/modules/content/"
	xmlns:wfw="http://wellformedweb.org/CommentAPI/"
	xmlns:dc="http://purl.org/dc/elements/1.1/"
	xmlns:wp="http://wordpress.org/export/1.2/"
>

<channel>
	<title>Junko</title>
	<link>http://demo.roadthemes.com/junko</link>
	<description>Just another WordPress site</description>
	<pubDate>Mon, 01 Apr 2019 03:11:16 +0000</pubDate>
	<language>en-US</language>
	<wp:wxr_version>1.2</wp:wxr_version>
	<wp:base_site_url>http://demo.roadthemes.com/junko</wp:base_site_url>
	<wp:base_blog_url>http://demo.roadthemes.com/junko</wp:base_blog_url>

		<wp:author><wp:author_id>1</wp:author_id><wp:author_login><![CDATA[admin]]></wp:author_login><wp:author_email><![CDATA[demo@roadthemes.com]]></wp:author_email><wp:author_display_name><![CDATA[admin]]></wp:author_display_name><wp:author_first_name><![CDATA[]]></wp:author_first_name><wp:author_last_name><![CDATA[]]></wp:author_last_name></wp:author>
		
		<item>
		<title>
				Home shop 2		</title>
		<link>http://demo.roadthemes.com/junko/home-shop-2/</link>
		<pubDate>Sat, 16 Feb 2019 02:50:11 +0000</pubDate>
		<dc:creator><![CDATA[admin]]></dc:creator>
		<guid isPermaLink="false">http://192.168.1.209/kinle/?page_id=1054</guid>
		<description></description>
		<content:encoded>
				<![CDATA[<p>[vc_row][vc_column][rev_slider_vc alias="home1-slider"][/vc_column][/vc_row][vc_row el_class="top-category"][vc_column width="1/3" offset="vc_col-lg-2 vc_col-md-3"][roadthemes_title heading_title="Top Categories This Week" sub_heading_title="Aliquam eget consectetuer habitasse interdum." style="style3"][vc_column_text]<a href="http://demo.roadthemes.com/junko/shop/">Show All Categories</a>[/vc_column_text][/vc_column][vc_column width="2/3" offset="vc_col-lg-10 vc_col-md-9"][image_slider items_1500up="5" items_1200_1499="5" items_992_1199="3" items_768_991="2" navigation="1" pagination="" item_margin="30"][/vc_column][/vc_row][vc_row][vc_column][roadthemes_title heading_title="Hot Deals Products"][list_products_r per_page="6" columns="1" orderby="ID" order="DESC" style="product-grid-countdown" enable_slider="true" items_1500up="5" items_1200_1499="5" items_992_1199="3" navigation="1" pagination="" item_margin="30" speed="500" ids="867, 856, 859, 850, 846, 836, 840"][/vc_column][/vc_row][vc_row][vc_column width="1/2"][vc_single_image image="1407" img_size="full" alignment="center" onclick="custom_link" link="http://demo.roadthemes.com/junko/shop/"][/vc_column][vc_column width="1/2"][vc_single_image image="1402" img_size="full" alignment="center" onclick="custom_link" link="http://demo.roadthemes.com/junko/shop/"][/vc_column][/vc_row][vc_row full_width="stretch_row" css=".vc_custom_1551854350487{background-color: #f8f8f8 !important;}" el_class="row-with-background carousel-with-menu"][vc_column][roadthemes_title heading_title="Featured Products"][vc_wp_custommenu nav_menu="57"][featured_products_r per_page="9" columns="2" orderby="ID" order="DESC" style="product-grid-2" enable_slider="true" items_1500up="3" items_1200_1499="3" items_992_1199="2" items_768_991="2" items_480_639="1" navigation="1" pagination="" item_margin="30" speed="500"][/vc_column][/vc_row][vc_row el_class="carousel-with-menu"][vc_column][roadthemes_title heading_title="Computer &amp; Laptop"][vc_wp_custommenu nav_menu="58"][product_category_r per_page="14" columns="2" orderby="ID" order="ASC" category="computer-networking" enable_slider="true" items_1500up="5" items_1200_1499="5" navigation="1" pagination="" item_margin="30" speed="500"][/vc_column][/vc_row][vc_row][vc_column][vc_single_image image="1411" img_size="full" alignment="center" onclick="custom_link" link="http://demo.roadthemes.com/junko/shop/"][/vc_column][/vc_row][vc_row el_class="product-list-row"][vc_column offset="vc_col-lg-4 vc_col-md-4"][roadthemes_title heading_title="New Arrivals"][recent_products_r per_page="9" columns="3" orderby="ID" order="DESC" style="product-list" enable_slider="true" items_1500up="1" items_1200_1499="1" items_992_1199="1" items_768_991="2" navigation="1" pagination="" item_margin="30" speed="500" navigation_style="navigation-style2"][/vc_column][vc_column offset="vc_col-lg-4 vc_col-md-4"][roadthemes_title heading_title="On sale Products"][sale_products_r per_page="9" columns="3" orderby="ID" order="DESC" style="product-list" enable_slider="true" items_1500up="1" items_1200_1499="1" items_992_1199="1" items_768_991="2" navigation="1" pagination="" item_margin="30" speed="500" navigation_style="navigation-style2"][/vc_column][vc_column offset="vc_col-lg-4 vc_col-md-4"][roadthemes_title heading_title="Top rated Products"][top_rated_products_r per_page="9" columns="3" orderby="ID" order="DESC" style="product-list" enable_slider="true" items_1500up="1" items_1200_1499="1" items_992_1199="1" items_768_991="2" navigation="1" pagination="" item_margin="30" speed="500" navigation_style="navigation-style2"][/vc_column][/vc_row][vc_row full_width="stretch_row" css=".vc_custom_1552357931256{margin-bottom: 0px !important;border-top-width: 1px !important;padding-top: 60px !important;padding-bottom: 25px !important;border-top-color: #ebebeb !important;border-top-style: solid !important;}"][vc_column][ourbrands rows="2" navigation="1" pagination="" item_margin="0"][/vc_column][/vc_row]</p>
]]>		</content:encoded>
		<excerpt:encoded>
				<![CDATA[
						]]>		</excerpt:encoded>
		<wp:post_id>1054</wp:post_id>
		<wp:post_date><![CDATA[2019-02-16 02:50:11]]></wp:post_date>
		<wp:post_date_gmt><![CDATA[2019-02-16 02:50:11]]></wp:post_date_gmt>
		<wp:comment_status><![CDATA[closed]]></wp:comment_status>
		<wp:ping_status><![CDATA[closed]]></wp:ping_status>
		<wp:post_name><![CDATA[home-shop-2]]></wp:post_name>
		<wp:status><![CDATA[publish]]></wp:status>
		<wp:post_parent>0</wp:post_parent>
		<wp:menu_order>0</wp:menu_order>
		<wp:post_type><![CDATA[page]]></wp:post_type>
		<wp:post_password><![CDATA[]]></wp:post_password>
		<wp:is_sticky>0</wp:is_sticky>
														<wp:postmeta>
		<wp:meta_key><![CDATA[_wpb_shortcodes_custom_css]]></wp:meta_key>
		<wp:meta_value><![CDATA[.vc_custom_1551854350487{background-color: #f8f8f8 !important;}.vc_custom_1552357931256{margin-bottom: 0px !important;border-top-width: 1px !important;padding-top: 60px !important;padding-bottom: 25px !important;border-top-color: #ebebeb !important;border-top-style: solid !important;}]]></wp:meta_value>
		</wp:postmeta>
							<wp:postmeta>
		<wp:meta_key><![CDATA[_wp_page_template]]></wp:meta_key>
		<wp:meta_value><![CDATA[page-templates/demo2.php]]></wp:meta_value>
		</wp:postmeta>
							<wp:postmeta>
		<wp:meta_key><![CDATA[slide_template]]></wp:meta_key>
		<wp:meta_value><![CDATA[default]]></wp:meta_value>
		</wp:postmeta>
							<wp:postmeta>
		<wp:meta_key><![CDATA[_manhframework_custom_sidebar_pos]]></wp:meta_key>
		<wp:meta_value><![CDATA[left]]></wp:meta_value>
		</wp:postmeta>
							<wp:postmeta>
		<wp:meta_key><![CDATA[_wpb_vc_js_status]]></wp:meta_key>
		<wp:meta_value><![CDATA[true]]></wp:meta_value>
		</wp:postmeta>
							<wp:postmeta>
		<wp:meta_key><![CDATA[_kinle_custom_sidebar_pos]]></wp:meta_key>
		<wp:meta_value><![CDATA[left]]></wp:meta_value>
		</wp:postmeta>
							<wp:postmeta>
		<wp:meta_key><![CDATA[_junko_custom_sidebar_pos]]></wp:meta_key>
		<wp:meta_value><![CDATA[left]]></wp:meta_value>
		</wp:postmeta>
							</item>
							
			<item>
		<title>
				Header 2		</title>
		<link>http://demo.roadthemes.com/junko/templatera/header-2/</link>
		<pubDate>Thu, 28 Feb 2019 02:53:37 +0000</pubDate>
		<dc:creator><![CDATA[admin]]></dc:creator>
		<guid isPermaLink="false">http://192.168.1.209/kinle/?post_type=templatera&#038;p=1153</guid>
		<description></description>
		<content:encoded>
				<![CDATA[
				<p>[vc_row full_width="stretch_row" css=".vc_custom_1548745609285{background-color: #f8f9f9 !important;}" el_class="topbar"][vc_column width="1/2" el_class="topbar-left"][vc_column_text]Telephone Enquiry: (012) 800 456 789 - 987[/vc_column_text][/vc_column][vc_column width="1/2" el_class="topbar-right" offset="vc_col-lg-6"][vc_wp_custommenu nav_menu="56"][/vc_column][/vc_row][vc_row equal_height="yes" css=".vc_custom_1552295077011{padding-top: 30px !important;padding-bottom: 30px !important;}"][vc_column offset="vc_col-lg-4 vc_col-md-4"][roadlogo logo_image="1315" logo_width="162"][/vc_column][vc_column offset="vc_col-lg-8 vc_col-md-8"][roadmainmenu sticky_logoimage="296"][/vc_column][/vc_row][vc_row][vc_column offset="vc_col-lg-3 vc_col-md-3 vc_hidden-sm"][roadcategoriesmenu style="style2"][/vc_column][vc_column offset="vc_col-lg-9 vc_col-md-9" el_class="header-main-right"][roadproductssearch][roadwishlist][roadminicart][/vc_column][/vc_row]</p>
		]]>		</content:encoded>
		<excerpt:encoded>
				<![CDATA[
						]]>		</excerpt:encoded>
		<wp:post_id>1153</wp:post_id>
		<wp:post_date><![CDATA[2019-02-28 02:53:37]]></wp:post_date>
		<wp:post_date_gmt><![CDATA[2019-02-28 02:53:37]]></wp:post_date_gmt>
		<wp:comment_status><![CDATA[closed]]></wp:comment_status>
		<wp:ping_status><![CDATA[closed]]></wp:ping_status>
		<wp:post_name><![CDATA[header-2]]></wp:post_name>
		<wp:status><![CDATA[publish]]></wp:status>
		<wp:post_parent>0</wp:post_parent>
		<wp:menu_order>0</wp:menu_order>
		<wp:post_type><![CDATA[templatera]]></wp:post_type>
		<wp:post_password><![CDATA[]]></wp:post_password>
		<wp:is_sticky>0</wp:is_sticky>
														<wp:postmeta>
		<wp:meta_key><![CDATA[_wpb_shortcodes_custom_css]]></wp:meta_key>
		<wp:meta_value><![CDATA[.vc_custom_1548745609285{background-color: #f8f9f9 !important;}.vc_custom_1552295077011{padding-top: 30px !important;padding-bottom: 30px !important;}]]></wp:meta_value>
		</wp:postmeta>
							<wp:postmeta>
		<wp:meta_key><![CDATA[slide_template]]></wp:meta_key>
		<wp:meta_value><![CDATA[default]]></wp:meta_value>
		</wp:postmeta>
							<wp:postmeta>
		<wp:meta_key><![CDATA[_wpb_vc_js_status]]></wp:meta_key>
		<wp:meta_value><![CDATA[true]]></wp:meta_value>
		</wp:postmeta>
							</item>
					
		<item>
		<title>
				Footer 2		</title>
		<link>http://demo.roadthemes.com/junko/templatera/footer-2/</link>
		<pubDate>Tue, 05 Mar 2019 07:18:25 +0000</pubDate>
		<dc:creator><![CDATA[admin]]></dc:creator>
		<guid isPermaLink="false">http://192.168.1.209/kinle/?post_type=templatera&#038;p=1216</guid>
		<description></description>
		<content:encoded>
				<![CDATA[[vc_row el_class="policy-container"][vc_column width="1/2" offset="vc_col-lg-3 vc_col-md-6 vc_col-xs-6"][roadthemes_policy policy_icon="990" policy_title="Free Delivery" policy_text="For all oders over $99"][/vc_column][vc_column width="1/2" offset="vc_col-lg-3 vc_col-md-6 vc_col-xs-6"][roadthemes_policy policy_icon="991" policy_title="Safe Payment" policy_text="100% secure payment"][/vc_column][vc_column width="1/2" offset="vc_col-lg-3 vc_col-md-6 vc_col-xs-6"][roadthemes_policy policy_icon="992" policy_title="Shop With Confidence" policy_text="If goods have problems"][/vc_column][vc_column width="1/2" offset="vc_col-lg-3 vc_col-md-6 vc_col-xs-6"][roadthemes_policy policy_icon="994" policy_title="24/7 Help Center" policy_text="Dedicated 24/7 support"][/vc_column][/vc_row][vc_row el_class="footer-main"][vc_column width="1/2" offset="vc_col-lg-4 vc_col-md-4 vc_col-xs-6"][roadlogo logo_image="1315" logo_width="162" style="style2"][vc_column_text]We are a team of designers and developers that create high quality Wordpress, Magento, Prestashop, Opencart.[/vc_column_text][vc_column_text]
<ul>
 	<li><strong>Address: </strong>The Barn, Ullenhall, Henley in Arden B578 5C, England.</li>
 	<li><strong>Mobile: </strong>+123.456.789 - +123.456.678</li>
 	<li><strong>Email: </strong>support@plazathemes.com</li>
</ul>
[/vc_column_text][/vc_column][vc_column width="1/2" offset="vc_col-lg-2 vc_col-md-2 vc_col-xs-6"][roadthemes_title heading_title="Information" style="style2"][vc_wp_custommenu nav_menu="52"][/vc_column][vc_column width="1/2" offset="vc_col-lg-2 vc_col-md-2 vc_col-xs-6"][roadthemes_title heading_title="My Account" style="style2"][vc_wp_custommenu nav_menu="53"][/vc_column][vc_column width="1/2" offset="vc_col-lg-4 vc_col-md-4 vc_col-xs-6"][roadthemes_title heading_title="Follow Us" style="style2"][roadsocialicons social_title=""][roadthemes_title heading_title="Join Our Newsletter Now" style="style2"][roadthemes_newsletter newsletter_form_id="306"][/vc_column][/vc_row][vc_row full_width="stretch_row" equal_height="yes" el_class="footer-copyright"][vc_column offset="vc_col-lg-6 vc_col-md-6"][vc_column_text]Copyright © 2019 <a href="http://plazathemes.com/">Plazathemes</a>. All Rights Reserved.[/vc_column_text][/vc_column][vc_column offset="vc_col-lg-6 vc_col-md-6"][vc_single_image image="980" img_size="full"][/vc_column][/vc_row][vc_row][/vc_row]]]>		</content:encoded>
		<excerpt:encoded>
				<![CDATA[
						]]>		</excerpt:encoded>
		<wp:post_id>1216</wp:post_id>
		<wp:post_date><![CDATA[2019-03-05 07:18:25]]></wp:post_date>
		<wp:post_date_gmt><![CDATA[2019-03-05 07:18:25]]></wp:post_date_gmt>
		<wp:comment_status><![CDATA[closed]]></wp:comment_status>
		<wp:ping_status><![CDATA[closed]]></wp:ping_status>
		<wp:post_name><![CDATA[footer-2]]></wp:post_name>
		<wp:status><![CDATA[publish]]></wp:status>
		<wp:post_parent>0</wp:post_parent>
		<wp:menu_order>0</wp:menu_order>
		<wp:post_type><![CDATA[templatera]]></wp:post_type>
		<wp:post_password><![CDATA[]]></wp:post_password>
		<wp:is_sticky>0</wp:is_sticky>
														<wp:postmeta>
		<wp:meta_key><![CDATA[slide_template]]></wp:meta_key>
		<wp:meta_value><![CDATA[default]]></wp:meta_value>
		</wp:postmeta>
							<wp:postmeta>
		<wp:meta_key><![CDATA[_wpb_vc_js_status]]></wp:meta_key>
		<wp:meta_value><![CDATA[true]]></wp:meta_value>
		</wp:postmeta>
							<wp:postmeta>
		<wp:meta_key><![CDATA[_edit_last]]></wp:meta_key>
		<wp:meta_value><![CDATA[1]]></wp:meta_value>
		</wp:postmeta>
							</item>
									

		
</channel>
</rss>		
		
		